년도,자치구,범죄유형,발생건수,검거건수
2014,종로구,소계,5021,4610
2014,중구,소계,5231,3188
2014,용산구,소계,3799,2340
2014,성동구,소계,3582,2048
2014,광진구,소계,6268,3531
2014,동대문구,소계,4363,2882
2014,중랑구,소계,5353,3259
2014,성북구,소계,4606,3028
2014,강북구,소계,4030,2806
2014,도봉구,소계,3124,1986
2014,노원구,소계,5312,3300
2014,은평구,소계,5431,3325
2014,서대문구,소계,4194,2588
2014,마포구,소계,5740,3136
2014,양천구,소계,4642,2654
2014,강서구,소계,5289,3225
2014,구로구,소계,5389,2985
2014,금천구,소계,3842,2434
2014,영등포구,소계,7003,4072
2014,동작구,소계,3869,2312
2014,관악구,소계,6781,3701
2014,서초구,소계,5558,3122
2014,강남구,소계,8851,5262
2014,송파구,소계,8004,3982
2014,강동구,소계,5392,3285
2014,종로구,살인,3,7
2014,중구,살인,6,5
2014,용산구,살인,1,2
2014,성동구,살인,1,1
2014,광진구,살인,8,9
2014,동대문구,살인,12,11
2014,중랑구,살인,11,10
2014,성북구,살인,8,5
2014,강북구,살인,6,5
2014,도봉구,살인,6,7
2014,노원구,살인,5,4
2014,은평구,살인,5,3
2014,서대문구,살인,3,3
2014,마포구,살인,4,4
2014,양천구,살인,5,5
2014,강서구,살인,8,6
2014,구로구,살인,3,3
2014,금천구,살인,7,7
2014,영등포구,살인,14,15
2014,동작구,살인,2,2
2014,관악구,살인,7,8
2014,서초구,살인,6,9
2014,강남구,살인,13,9
2014,송파구,살인,9,8
2014,강동구,살인,5,4
2014,종로구,강도,12,15
2014,중구,강도,13,13
2014,용산구,강도,7,7
2014,성동구,강도,5,6
2014,광진구,강도,16,22
2014,동대문구,강도,13,8
2014,중랑구,강도,14,11
2014,성북구,강도,16,20
2014,강북구,강도,21,10
2014,도봉구,강도,11,15
2014,노원구,강도,8,7
2014,은평구,강도,24,21
2014,서대문구,강도,4,7
2014,마포구,강도,22,9
2014,양천구,강도,11,10
2014,강서구,강도,9,9
2014,구로구,강도,14,10
2014,금천구,강도,9,6
2014,영등포구,강도,10,5
2014,동작구,강도,9,7
2014,관악구,강도,25,22
2014,서초구,강도,14,12
2014,강남구,강도,37,29
2014,송파구,강도,9,10
2014,강동구,강도,10,8
2014,종로구,강간·강제추행,226,948
2014,중구,강간·강제추행,221,161
2014,용산구,강간·강제추행,213,169
2014,성동구,강간·강제추행,141,103
2014,광진구,강간·강제추행,249,199
2014,동대문구,강간·강제추행,141,112
2014,중랑구,강간·강제추행,163,118
2014,성북구,강간·강제추행,165,128
2014,강북구,강간·강제추행,189,152
2014,도봉구,강간·강제추행,172,159
2014,노원구,강간·강제추행,173,136
2014,은평구,강간·강제추행,188,158
2014,서대문구,강간·강제추행,185,150
2014,마포구,강간·강제추행,265,218
2014,양천구,강간·강제추행,129,96
2014,강서구,강간·강제추행,214,179
2014,구로구,강간·강제추행,252,186
2014,금천구,강간·강제추행,162,133
2014,영등포구,강간·강제추행,250,183
2014,동작구,강간·강제추행,203,120
2014,관악구,강간·강제추행,361,238
2014,서초구,강간·강제추행,285,184
2014,강남구,강간·강제추행,512,403
2014,송파구,강간·강제추행,255,195
2014,강동구,강간·강제추행,148,129
2014,종로구,절도,2272,1281
2014,중구,절도,2576,887
2014,용산구,절도,1560,522
2014,성동구,절도,1753,529
2014,광진구,절도,3167,1001
2014,동대문구,절도,1809,676
2014,중랑구,절도,2390,823
2014,성북구,절도,2130,935
2014,강북구,절도,1494,575
2014,도봉구,절도,1350,478
2014,노원구,절도,2404,803
2014,은평구,절도,2352,798
2014,서대문구,절도,1883,665
2014,마포구,절도,2763,742
2014,양천구,절도,2058,630
2014,강서구,절도,2341,734
2014,구로구,절도,2377,579
2014,금천구,절도,1552,496
2014,영등포구,절도,3080,892
2014,동작구,절도,1787,603
2014,관악구,절도,3029,784
2014,서초구,절도,2747,782
2014,강남구,절도,3895,1193
2014,송파구,절도,4199,885
2014,강동구,절도,2425,827
2014,종로구,폭력,2508,2359
2014,중구,폭력,2415,2122
2014,용산구,폭력,2018,1640
2014,성동구,폭력,1682,1409
2014,광진구,폭력,2828,2300
2014,동대문구,폭력,2388,2075
2014,중랑구,폭력,2775,2297
2014,성북구,폭력,2287,1940
2014,강북구,폭력,2320,2064
2014,도봉구,폭력,1585,1327
2014,노원구,폭력,2722,2350
2014,은평구,폭력,2862,2345
2014,서대문구,폭력,2119,1763
2014,마포구,폭력,2686,2163
2014,양천구,폭력,2439,1913
2014,강서구,폭력,2717,2297
2014,구로구,폭력,2743,2207
2014,금천구,폭력,2112,1792
2014,영등포구,폭력,3649,2977
2014,동작구,폭력,1868,1580
2014,관악구,폭력,3359,2649
2014,서초구,폭력,2506,2135
2014,강남구,폭력,4394,3628
2014,송파구,폭력,3532,2884
2014,강동구,폭력,2804,2317
2015,종로구,소계,4705,4430
2015,중구,소계,4954,2942
2015,용산구,소계,3820,2483
2015,성동구,소계,3358,2123
2015,광진구,소계,5909,3707
2015,동대문구,소계,4720,3205
2015,중랑구,소계,5193,3405
2015,성북구,소계,4154,2729
2015,강북구,소계,4257,3113
2015,도봉구,소계,2664,1900
2015,노원구,소계,5130,3268
2015,은평구,소계,4745,3167
2015,서대문구,소계,4029,2579
2015,마포구,소계,5854,3597
2015,양천구,소계,4528,2815
2015,강서구,소계,5585,4190
2015,구로구,소계,5646,3502
2015,금천구,소계,3781,2796
2015,영등포구,소계,6867,4154
2015,동작구,소계,4074,2397
2015,관악구,소계,6345,3712
2015,서초구,소계,5444,3450
2015,강남구,소계,8617,5732
2015,송파구,소계,6778,4113
2015,강동구,소계,5244,3171
2015,종로구,살인,6,8
2015,중구,살인,3,2
2015,용산구,살인,5,5
2015,성동구,살인,4,4
2015,광진구,살인,4,4
2015,동대문구,살인,5,5
2015,중랑구,살인,13,12
2015,성북구,살인,5,5
2015,강북구,살인,7,8
2015,도봉구,살인,3,3
2015,노원구,살인,10,10
2015,은평구,살인,3,3
2015,서대문구,살인,2,2
2015,마포구,살인,8,8
2015,양천구,살인,3,5
2015,강서구,살인,7,8
2015,구로구,살인,8,6
2015,금천구,살인,3,4
2015,영등포구,살인,14,12
2015,동작구,살인,5,5
2015,관악구,살인,9,8
2015,서초구,살인,8,6
2015,강남구,살인,13,10
2015,송파구,살인,11,10
2015,강동구,살인,4,3
2015,종로구,강도,11,13
2015,중구,강도,9,6
2015,용산구,강도,14,14
2015,성동구,강도,9,8
2015,광진구,강도,14,26
2015,동대문구,강도,13,13
2015,중랑구,강도,11,9
2015,성북구,강도,5,4
2015,강북구,강도,14,13
2015,도봉구,강도,9,10
2015,노원구,강도,7,7
2015,은평구,강도,9,6
2015,서대문구,강도,5,4
2015,마포구,강도,14,10
2015,양천구,강도,6,3
2015,강서구,강도,13,13
2015,구로구,강도,15,11
2015,금천구,강도,6,6
2015,영등포구,강도,22,20
2015,동작구,강도,9,5
2015,관악구,강도,12,14
2015,서초구,강도,9,6
2015,강남구,강도,21,18
2015,송파구,강도,13,10
2015,강동구,강도,6,8
2015,종로구,강간·강제추행,211,1139
2015,중구,강간·강제추행,170,111
2015,용산구,강간·강제추행,194,173
2015,성동구,강간·강제추행,126,119
2015,광진구,강간·강제추행,240,220
2015,동대문구,강간·강제추행,173,146
2015,중랑구,강간·강제추행,187,148
2015,성북구,강간·강제추행,150,124
2015,강북구,강간·강제추행,153,126
2015,도봉구,강간·강제추행,102,106
2015,노원구,강간·강제추행,197,121
2015,은평구,강간·강제추행,166,141
2015,서대문구,강간·강제추행,154,124
2015,마포구,강간·강제추행,294,247
2015,양천구,강간·강제추행,120,105
2015,강서구,강간·강제추행,262,191
2015,구로구,강간·강제추행,281,164
2015,금천구,강간·강제추행,151,122
2015,영등포구,강간·강제추행,295,183
2015,동작구,강간·강제추행,285,139
2015,관악구,강간·강제추행,320,221
2015,서초구,강간·강제추행,393,249
2015,강남구,강간·강제추행,449,349
2015,송파구,강간·강제추행,220,178
2015,강동구,강간·강제추행,156,123
2015,종로구,절도,2184,1145
2015,중구,절도,2548,859
2015,용산구,절도,1557,587
2015,성동구,절도,1607,597
2015,광진구,절도,3026,1277
2015,동대문구,절도,1981,814
2015,중랑구,절도,2135,829
2015,성북구,절도,1785,741
2015,강북구,절도,1434,618
2015,도봉구,절도,1063,478
2015,노원구,절도,2193,801
2015,은평구,절도,1914,711
2015,서대문구,절도,1812,738
2015,마포구,절도,2555,813
2015,양천구,절도,1890,672
2015,강서구,절도,2096,1260
2015,구로구,절도,2335,889
2015,금천구,절도,1567,888
2015,영등포구,절도,2964,978
2015,동작구,절도,1865,661
2015,관악구,절도,2706,827
2015,서초구,절도,2635,1091
2015,강남구,절도,3850,1650
2015,송파구,절도,3239,1129
2015,강동구,절도,2366,789
2015,종로구,폭력,2293,2125
2015,중구,폭력,2224,1964
2015,용산구,폭력,2050,1704
2015,성동구,폭력,1612,1395
2015,광진구,폭력,2625,2180
2015,동대문구,폭력,2548,2227
2015,중랑구,폭력,2847,2407
2015,성북구,폭력,2209,1855
2015,강북구,폭력,2649,2348
2015,도봉구,폭력,1487,1303
2015,노원구,폭력,2723,2329
2015,은평구,폭력,2653,2306
2015,서대문구,폭력,2056,1711
2015,마포구,폭력,2983,2519
2015,양천구,폭력,2509,2030
2015,강서구,폭력,3207,2718
2015,구로구,폭력,3007,2432
2015,금천구,폭력,2054,1776
2015,영등포구,폭력,3572,2961
2015,동작구,폭력,1910,1587
2015,관악구,폭력,3298,2642
2015,서초구,폭력,2399,2098
2015,강남구,폭력,4284,3705
2015,송파구,폭력,3295,2786
2015,강동구,폭력,2712,2248
2016,종로구,소계,4459,4298
2016,중구,소계,4584,3068
2016,용산구,소계,4137,2835
2016,성동구,소계,3026,2392
2016,광진구,소계,5322,3312
2016,동대문구,소계,4787,3623
2016,중랑구,소계,5041,3935
2016,성북구,소계,3744,2672
2016,강북구,소계,4229,3323
2016,도봉구,소계,2438,1930
2016,노원구,소계,4543,3021
2016,은평구,소계,4501,3353
2016,서대문구,소계,3665,2554
2016,마포구,소계,5873,3771
2016,양천구,소계,4112,2793
2016,강서구,소계,5450,4097
2016,구로구,소계,5366,3744
2016,금천구,소계,3645,2756
2016,영등포구,소계,6322,4199
2016,동작구,소계,3227,2160
2016,관악구,소계,5678,3925
2016,서초구,소계,4989,3422
2016,강남구,소계,8149,5905
2016,송파구,소계,6090,4060
2016,강동구,소계,4462,3273
2016,종로구,살인,6,5
2016,중구,살인,3,3
2016,용산구,살인,4,4
2016,성동구,살인,4,5
2016,광진구,살인,4,4
2016,동대문구,살인,5,5
2016,중랑구,살인,8,7
2016,성북구,살인,4,3
2016,강북구,살인,7,6
2016,도봉구,살인,3,3
2016,노원구,살인,5,6
2016,은평구,살인,6,6
2016,서대문구,살인,6,7
2016,마포구,살인,4,4
2016,양천구,살인,5,5
2016,강서구,살인,9,10
2016,구로구,살인,9,9
2016,금천구,살인,6,6
2016,영등포구,살인,13,13
2016,동작구,살인,8,6
2016,관악구,살인,6,7
2016,서초구,살인,5,5
2016,강남구,살인,5,5
2016,송파구,살인,9,8
2016,강동구,살인,4,5
2016,종로구,강도,12,14
2016,중구,강도,8,7
2016,용산구,강도,9,10
2016,성동구,강도,3,5
2016,광진구,강도,11,6
2016,동대문구,강도,10,12
2016,중랑구,강도,14,14
2016,성북구,강도,8,8
2016,강북구,강도,5,4
2016,도봉구,강도,5,5
2016,노원구,강도,6,9
2016,은평구,강도,9,7
2016,서대문구,강도,5,4
2016,마포구,강도,4,7
2016,양천구,강도,7,7
2016,강서구,강도,10,10
2016,구로구,강도,10,13
2016,금천구,강도,7,7
2016,영등포구,강도,19,14
2016,동작구,강도,7,7
2016,관악구,강도,12,10
2016,서초구,강도,13,10
2016,강남구,강도,39,42
2016,송파구,강도,15,12
2016,강동구,강도,14,13
2016,종로구,강간·강제추행,238,1106
2016,중구,강간·강제추행,198,148
2016,용산구,강간·강제추행,251,214
2016,성동구,강간·강제추행,104,78
2016,광진구,강간·강제추행,279,234
2016,동대문구,강간·강제추행,190,158
2016,중랑구,강간·강제추행,164,150
2016,성북구,강간·강제추행,154,117
2016,강북구,강간·강제추행,217,159
2016,도봉구,강간·강제추행,123,121
2016,노원구,강간·강제추행,159,142
2016,은평구,강간·강제추행,156,142
2016,서대문구,강간·강제추행,175,147
2016,마포구,강간·강제추행,399,320
2016,양천구,강간·강제추행,131,108
2016,강서구,강간·강제추행,275,239
2016,구로구,강간·강제추행,273,181
2016,금천구,강간·강제추행,175,143
2016,영등포구,강간·강제추행,356,225
2016,동작구,강간·강제추행,325,149
2016,관악구,강간·강제추행,322,264
2016,서초구,강간·강제추행,428,271
2016,강남구,강간·강제추행,516,413
2016,송파구,강간·강제추행,234,184
2016,강동구,강간·강제추행,160,152
2016,종로구,절도,1940,1020
2016,중구,절도,2150,914
2016,용산구,절도,1489,599
2016,성동구,절도,1296,896
2016,광진구,절도,2636,1057
2016,동대문구,절도,1940,1071
2016,중랑구,절도,1691,1052
2016,성북구,절도,1470,725
2016,강북구,절도,1222,672
2016,도봉구,절도,866,492
2016,노원구,절도,1857,740
2016,은평구,절도,1666,890
2016,서대문구,절도,1503,752
2016,마포구,절도,2527,940
2016,양천구,절도,1719,755
2016,강서구,절도,1952,1070
2016,구로구,절도,1910,861
2016,금천구,절도,1264,654
2016,영등포구,절도,2341,940
2016,동작구,절도,1226,554
2016,관악구,절도,2103,937
2016,서초구,절도,2205,1107
2016,강남구,절도,3587,1918
2016,송파구,절도,2543,1048
2016,강동구,절도,1754,902
2016,종로구,폭력,2263,2153
2016,중구,폭력,2225,1996
2016,용산구,폭력,2384,2008
2016,성동구,폭력,1619,1408
2016,광진구,폭력,2392,2011
2016,동대문구,폭력,2642,2377
2016,중랑구,폭력,3164,2712
2016,성북구,폭력,2108,1819
2016,강북구,폭력,2778,2482
2016,도봉구,폭력,1441,1309
2016,노원구,폭력,2516,2124
2016,은평구,폭력,2664,2308
2016,서대문구,폭력,1976,1644
2016,마포구,폭력,2939,2500
2016,양천구,폭력,2250,1918
2016,강서구,폭력,3204,2768
2016,구로구,폭력,3164,2680
2016,금천구,폭력,2193,1946
2016,영등포구,폭력,3593,3007
2016,동작구,폭력,1661,1444
2016,관악구,폭력,3235,2707
2016,서초구,폭력,2338,2029
2016,강남구,폭력,4002,3527
2016,송파구,폭력,3289,2808
2016,강동구,폭력,2530,2201
2017,종로구,소계,4057,4437
2017,중구,소계,4184,2851
2017,용산구,소계,4060,2936
2017,성동구,소계,2767,2031
2017,광진구,소계,4646,3289
2017,동대문구,소계,3975,3274
2017,중랑구,소계,4571,3392
2017,성북구,소계,3434,2479
2017,강북구,소계,3393,2824
2017,도봉구,소계,1999,1652
2017,노원구,소계,4209,3047
2017,은평구,소계,3883,3207
2017,서대문구,소계,3113,2299
2017,마포구,소계,5278,3499
2017,양천구,소계,3882,2660
2017,강서구,소계,5135,3927
2017,구로구,소계,4895,3408
2017,금천구,소계,3265,2572
2017,영등포구,소계,5969,4012
2017,동작구,소계,3330,2242
2017,관악구,소계,5525,4154
2017,서초구,소계,4708,3237
2017,강남구,소계,7720,5321
2017,송파구,소계,5576,3870
2017,강동구,소계,4261,3245
2017,종로구,살인,7,9
2017,중구,살인,1,-
2017,용산구,살인,1,1
2017,성동구,살인,1,1
2017,광진구,살인,6,5
2017,동대문구,살인,11,10
2017,중랑구,살인,5,5
2017,성북구,살인,7,7
2017,강북구,살인,8,8
2017,도봉구,살인,1,1
2017,노원구,살인,4,4
2017,은평구,살인,6,6
2017,서대문구,살인,4,4
2017,마포구,살인,3,3
2017,양천구,살인,3,2
2017,강서구,살인,11,11
2017,구로구,살인,7,8
2017,금천구,살인,5,5
2017,영등포구,살인,15,13
2017,동작구,살인,1,1
2017,관악구,살인,8,7
2017,서초구,살인,9,10
2017,강남구,살인,7,7
2017,송파구,살인,6,6
2017,강동구,살인,5,6
2017,종로구,강도,10,15
2017,중구,강도,9,9
2017,용산구,강도,5,4
2017,성동구,강도,3,3
2017,광진구,강도,13,8
2017,동대문구,강도,3,5
2017,중랑구,강도,3,4
2017,성북구,강도,8,8
2017,강북구,강도,7,5
2017,도봉구,강도,3,3
2017,노원구,강도,9,7
2017,은평구,강도,4,4
2017,서대문구,강도,1,2
2017,마포구,강도,8,8
2017,양천구,강도,3,2
2017,강서구,강도,4,6
2017,구로구,강도,8,6
2017,금천구,강도,5,5
2017,영등포구,강도,5,5
2017,동작구,강도,7,9
2017,관악구,강도,7,6
2017,서초구,강도,13,7
2017,강남구,강도,20,24
2017,송파구,강도,1,3
2017,강동구,강도,10,12
2017,종로구,강간·강제추행,253,1412
2017,중구,강간·강제추행,267,149
2017,용산구,강간·강제추행,327,289
2017,성동구,강간·강제추행,132,106
2017,광진구,강간·강제추행,261,208
2017,동대문구,강간·강제추행,165,149
2017,중랑구,강간·강제추행,172,144
2017,성북구,강간·강제추행,173,134
2017,강북구,강간·강제추행,208,153
2017,도봉구,강간·강제추행,104,115
2017,노원구,강간·강제추행,180,155
2017,은평구,강간·강제추행,230,213
2017,서대문구,강간·강제추행,202,181
2017,마포구,강간·강제추행,500,429
2017,양천구,강간·강제추행,138,122
2017,강서구,강간·강제추행,316,253
2017,구로구,강간·강제추행,328,181
2017,금천구,강간·강제추행,240,212
2017,영등포구,강간·강제추행,455,267
2017,동작구,강간·강제추행,396,173
2017,관악구,강간·강제추행,379,323
2017,서초구,강간·강제추행,470,283
2017,강남구,강간·강제추행,607,496
2017,송파구,강간·강제추행,288,242
2017,강동구,강간·강제추행,172,169
2017,종로구,절도,1644,905
2017,중구,절도,1846,889
2017,용산구,절도,1346,626
2017,성동구,절도,1072,543
2017,광진구,절도,2220,1168
2017,동대문구,절도,1547,1017
2017,중랑구,절도,1533,813
2017,성북구,절도,1344,703
2017,강북구,절도,1014,635
2017,도봉구,절도,633,417
2017,노원구,절도,1538,757
2017,은평구,절도,1387,934
2017,서대문구,절도,1230,719
2017,마포구,절도,2094,837
2017,양천구,절도,1590,756
2017,강서구,절도,1888,1113
2017,구로구,절도,1725,869
2017,금천구,절도,1141,674
2017,영등포구,절도,2304,1108
2017,동작구,절도,1226,593
2017,관악구,절도,1979,1152
2017,서초구,절도,1812,835
2017,강남구,절도,3130,1383
2017,송파구,절도,2274,1026
2017,강동구,절도,1645,949
2017,종로구,폭력,2143,2096
2017,중구,폭력,2061,1804
2017,용산구,폭력,2381,2016
2017,성동구,폭력,1559,1378
2017,광진구,폭력,2146,1900
2017,동대문구,폭력,2249,2093
2017,중랑구,폭력,2858,2426
2017,성북구,폭력,1902,1627
2017,강북구,폭력,2156,2023
2017,도봉구,폭력,1258,1116
2017,노원구,폭력,2478,2124
2017,은평구,폭력,2256,2050
2017,서대문구,폭력,1676,1393
2017,마포구,폭력,2673,2222
2017,양천구,폭력,2148,1778
2017,강서구,폭력,2916,2544
2017,구로구,폭력,2827,2344
2017,금천구,폭력,1874,1676
2017,영등포구,폭력,3190,2619
2017,동작구,폭력,1700,1466
2017,관악구,폭력,3152,2666
2017,서초구,폭력,2404,2102
2017,강남구,폭력,3956,3411
2017,송파구,폭력,3007,2593
2017,강동구,폭력,2429,2109
2018,종로구,소계,3690,3913
2018,중구,소계,4030,2679
2018,용산구,소계,3411,2543
2018,성동구,소계,2457,1787
2018,광진구,소계,3915,2789
2018,동대문구,소계,3680,2968
2018,중랑구,소계,4288,3222
2018,성북구,소계,3042,2277
2018,강북구,소계,3437,2743
2018,도봉구,소계,2249,1676
2018,노원구,소계,4007,2725
2018,은평구,소계,3590,2863
2018,서대문구,소계,2802,2016
2018,마포구,소계,5172,3569
2018,양천구,소계,3515,2459
2018,강서구,소계,4629,3469
2018,구로구,소계,4810,3338
2018,금천구,소계,3293,2567
2018,영등포구,소계,5840,3922
2018,동작구,소계,3100,2090
2018,관악구,소계,5026,3653
2018,서초구,소계,4726,3183
2018,강남구,소계,7513,5196
2018,송파구,소계,5807,4051
2018,강동구,소계,3919,2789
2018,종로구,살인,6,7
2018,중구,살인,2,2
2018,용산구,살인,1,1
2018,성동구,살인,2,2
2018,광진구,살인,7,5
2018,동대문구,살인,2,2
2018,중랑구,살인,4,5
2018,성북구,살인,7,6
2018,강북구,살인,8,6
2018,도봉구,살인,1,1
2018,노원구,살인,5,4
2018,은평구,살인,8,8
2018,서대문구,살인,5,4
2018,마포구,살인,6,6
2018,양천구,살인,2,3
2018,강서구,살인,11,9
2018,구로구,살인,8,8
2018,금천구,살인,6,6
2018,영등포구,살인,17,15
2018,동작구,살인,3,3
2018,관악구,살인,9,9
2018,서초구,살인,5,5
2018,강남구,살인,10,13
2018,송파구,살인,5,6
2018,강동구,살인,3,3
2018,종로구,강도,3,7
2018,중구,강도,11,11
2018,용산구,강도,3,2
2018,성동구,강도,5,8
2018,광진구,강도,2,1
2018,동대문구,강도,5,4
2018,중랑구,강도,3,3
2018,성북구,강도,1,2
2018,강북구,강도,7,7
2018,도봉구,강도,5,3
2018,노원구,강도,5,5
2018,은평구,강도,1,1
2018,서대문구,강도,3,3
2018,마포구,강도,6,7
2018,양천구,강도,4,14
2018,강서구,강도,6,3
2018,구로구,강도,9,9
2018,금천구,강도,7,6
2018,영등포구,강도,8,6
2018,동작구,강도,7,7
2018,관악구,강도,10,12
2018,서초구,강도,5,5
2018,강남구,강도,14,10
2018,송파구,강도,6,8
2018,강동구,강도,7,7
2018,종로구,강간·강제추행,236,1100
2018,중구,강간·강제추행,207,115
2018,용산구,강간·강제추행,331,285
2018,성동구,강간·강제추행,126,102
2018,광진구,강간·강제추행,229,184
2018,동대문구,강간·강제추행,145,112
2018,중랑구,강간·강제추행,174,145
2018,성북구,강간·강제추행,183,140
2018,강북구,강간·강제추행,188,135
2018,도봉구,강간·강제추행,113,117
2018,노원구,강간·강제추행,194,173
2018,은평구,강간·강제추행,188,169
2018,서대문구,강간·강제추행,206,189
2018,마포구,강간·강제추행,473,396
2018,양천구,강간·강제추행,120,111
2018,강서구,강간·강제추행,269,246
2018,구로구,강간·강제추행,250,181
2018,금천구,강간·강제추행,200,185
2018,영등포구,강간·강제추행,391,267
2018,동작구,강간·강제추행,288,154
2018,관악구,강간·강제추행,352,305
2018,서초구,강간·강제추행,470,315
2018,강남구,강간·강제추행,600,523
2018,송파구,강간·강제추행,309,254
2018,강동구,강간·강제추행,170,143
2018,종로구,절도,1483,969
2018,중구,절도,1855,832
2018,용산구,절도,1096,522
2018,성동구,절도,999,487
2018,광진구,절도,1769,974
2018,동대문구,절도,1447,930
2018,중랑구,절도,1526,876
2018,성북구,절도,1164,635
2018,강북구,절도,1112,603
2018,도봉구,절도,781,431
2018,노원구,절도,1422,585
2018,은평구,절도,1278,816
2018,서대문구,절도,1062,585
2018,마포구,절도,2011,882
2018,양천구,절도,1384,646
2018,강서구,절도,1724,982
2018,구로구,절도,1717,787
2018,금천구,절도,1168,645
2018,영등포구,절도,2292,1064
2018,동작구,절도,1151,532
2018,관악구,절도,2012,1025
2018,서초구,절도,1851,838
2018,강남구,절도,3004,1317
2018,송파구,절도,2352,1034
2018,강동구,절도,1515,765
2018,종로구,폭력,1962,1830
2018,중구,폭력,1955,1719
2018,용산구,폭력,1980,1733
2018,성동구,폭력,1325,1188
2018,광진구,폭력,1908,1625
2018,동대문구,폭력,2081,1920
2018,중랑구,폭력,2581,2193
2018,성북구,폭력,1687,1494
2018,강북구,폭력,2122,1992
2018,도봉구,폭력,1349,1124
2018,노원구,폭력,2381,1958
2018,은평구,폭력,2115,1869
2018,서대문구,폭력,1526,1235
2018,마포구,폭력,2676,2278
2018,양천구,폭력,2005,1685
2018,강서구,폭력,2619,2229
2018,구로구,폭력,2826,2353
2018,금천구,폭력,1912,1725
2018,영등포구,폭력,3132,2570
2018,동작구,폭력,1651,1394
2018,관악구,폭력,2643,2302
2018,서초구,폭력,2395,2020
2018,강남구,폭력,3885,3333
2018,송파구,폭력,3135,2749
2018,강동구,폭력,2224,1871
2019,종로구,소계,3846,4117
2019,중구,소계,4327,2804
2019,용산구,소계,3313,2611
2019,성동구,소계,2512,1838
2019,광진구,소계,4011,2816
2019,동대문구,소계,3692,2818
2019,중랑구,소계,4268,3138
2019,성북구,소계,2877,2323
2019,강북구,소계,3838,3023
2019,도봉구,소계,2110,1497
2019,노원구,소계,4153,2964
2019,은평구,소계,3880,3000
2019,서대문구,소계,2943,2020
2019,마포구,소계,4842,3170
2019,양천구,소계,3214,2124
2019,강서구,소계,4924,3543
2019,구로구,소계,4707,3291
2019,금천구,소계,3105,2343
2019,영등포구,소계,5820,3787
2019,동작구,소계,3400,2195
2019,관악구,소계,5328,3810
2019,서초구,소계,5542,3750
2019,강남구,소계,7304,5069
2019,송파구,소계,5698,3799
2019,강동구,소계,4014,2955
2019,종로구,살인,4,5
2019,중구,살인,2,1
2019,용산구,살인,3,3
2019,성동구,살인,6,5
2019,광진구,살인,4,5
2019,동대문구,살인,6,6
2019,중랑구,살인,10,10
2019,성북구,살인,3,3
2019,강북구,살인,6,6
2019,도봉구,살인,1,1
2019,노원구,살인,4,4
2019,은평구,살인,3,3
2019,서대문구,살인,2,1
2019,마포구,살인,2,2
2019,양천구,살인,6,6
2019,강서구,살인,8,9
2019,구로구,살인,10,9
2019,금천구,살인,6,6
2019,영등포구,살인,10,10
2019,동작구,살인,4,2
2019,관악구,살인,13,10
2019,서초구,살인,5,5
2019,강남구,살인,5,3
2019,송파구,살인,7,8
2019,강동구,살인,6,5
2019,종로구,강도,7,8
2019,중구,강도,6,5
2019,용산구,강도,3,4
2019,성동구,강도,9,10
2019,광진구,강도,6,5
2019,동대문구,강도,10,9
2019,중랑구,강도,4,5
2019,성북구,강도,3,3
2019,강북구,강도,3,2
2019,도봉구,강도,5,5
2019,노원구,강도,3,3
2019,은평구,강도,1,1
2019,서대문구,강도,5,5
2019,마포구,강도,2,2
2019,양천구,강도,2,2
2019,강서구,강도,3,4
2019,구로구,강도,3,4
2019,금천구,강도,10,6
2019,영등포구,강도,3,3
2019,동작구,강도,1,1
2019,관악구,강도,10,11
2019,서초구,강도,7,5
2019,강남구,강도,5,6
2019,송파구,강도,10,10
2019,강동구,강도,15,14
2019,종로구,강간·강제추행,238,1143
2019,중구,강간·강제추행,195,115
2019,용산구,강간·강제추행,272,237
2019,성동구,강간·강제추행,133,96
2019,광진구,강간·강제추행,273,213
2019,동대문구,강간·강제추행,168,143
2019,중랑구,강간·강제추행,138,108
2019,성북구,강간·강제추행,176,130
2019,강북구,강간·강제추행,176,145
2019,도봉구,강간·강제추행,90,83
2019,노원구,강간·강제추행,184,158
2019,은평구,강간·강제추행,194,162
2019,서대문구,강간·강제추행,175,154
2019,마포구,강간·강제추행,495,417
2019,양천구,강간·강제추행,127,112
2019,강서구,강간·강제추행,306,257
2019,구로구,강간·강제추행,226,165
2019,금천구,강간·강제추행,153,126
2019,영등포구,강간·강제추행,356,239
2019,동작구,강간·강제추행,251,110
2019,관악구,강간·강제추행,408,335
2019,서초구,강간·강제추행,616,412
2019,강남구,강간·강제추행,666,562
2019,송파구,강간·강제추행,273,230
2019,강동구,강간·강제추행,180,155
2019,종로구,절도,1515,1069
2019,중구,절도,2202,1050
2019,용산구,절도,999,544
2019,성동구,절도,970,511
2019,광진구,절도,1875,1008
2019,동대문구,절도,1531,827
2019,중랑구,절도,1666,908
2019,성북구,절도,1082,731
2019,강북구,절도,1229,664
2019,도봉구,절도,790,394
2019,노원구,절도,1498,681
2019,은평구,절도,1565,977
2019,서대문구,절도,1226,600
2019,마포구,절도,2190,917
2019,양천구,절도,1477,634
2019,강서구,절도,2050,1077
2019,구로구,절도,1916,965
2019,금천구,절도,1157,615
2019,영등포구,절도,2409,1068
2019,동작구,절도,1328,579
2019,관악구,절도,2223,1085
2019,서초구,절도,2270,1118
2019,강남구,절도,2970,1339
2019,송파구,절도,2416,1016
2019,강동구,절도,1650,907
2019,종로구,폭력,2082,1892
2019,중구,폭력,1922,1633
2019,용산구,폭력,2036,1823
2019,성동구,폭력,1394,1216
2019,광진구,폭력,1853,1585
2019,동대문구,폭력,1977,1833
2019,중랑구,폭력,2450,2107
2019,성북구,폭력,1613,1456
2019,강북구,폭력,2424,2206
2019,도봉구,폭력,1224,1014
2019,노원구,폭력,2464,2118
2019,은평구,폭력,2117,1857
2019,서대문구,폭력,1535,1260
2019,마포구,폭력,2153,1832
2019,양천구,폭력,1602,1370
2019,강서구,폭력,2557,2196
2019,구로구,폭력,2552,2148
2019,금천구,폭력,1779,1590
2019,영등포구,폭력,3042,2467
2019,동작구,폭력,1816,1503
2019,관악구,폭력,2674,2369
2019,서초구,폭력,2644,2210
2019,강남구,폭력,3658,3159
2019,송파구,폭력,2992,2535
2019,강동구,폭력,2163,1874
2020,종로구,소계,3102,3343
2020,중구,소계,3411,2323
2020,용산구,소계,2969,2056
2020,성동구,소계,2362,1774
2020,광진구,소계,3601,2511
2020,동대문구,소계,3401,2465
2020,중랑구,소계,3726,2781
2020,성북구,소계,2567,1947
2020,강북구,소계,2770,2259
2020,도봉구,소계,2179,1490
2020,노원구,소계,3743,2581
2020,은평구,소계,3390,2531
2020,서대문구,소계,2533,1706
2020,마포구,소계,3688,2534
2020,양천구,소계,3216,2086
2020,강서구,소계,4415,3393
2020,구로구,소계,4175,2984
2020,금천구,소계,2598,1966
2020,영등포구,소계,5217,3371
2020,동작구,소계,3200,2086
2020,관악구,소계,5261,3858
2020,서초구,소계,4601,3052
2020,강남구,소계,7356,5245
2020,송파구,소계,5410,3544
2020,강동구,소계,3788,2662
2020,종로구,살인,9,7
2020,중구,살인,2,2
2020,용산구,살인,5,3
2020,성동구,살인,5,5
2020,광진구,살인,2,2
2020,동대문구,살인,10,8
2020,중랑구,살인,10,9
2020,성북구,살인,4,4
2020,강북구,살인,9,8
2020,도봉구,살인,-,-
2020,노원구,살인,4,3
2020,은평구,살인,4,4
2020,서대문구,살인,3,3
2020,마포구,살인,9,8
2020,양천구,살인,5,5
2020,강서구,살인,10,9
2020,구로구,살인,6,6
2020,금천구,살인,4,4
2020,영등포구,살인,7,4
2020,동작구,살인,1,1
2020,관악구,살인,12,12
2020,서초구,살인,5,5
2020,강남구,살인,6,5
2020,송파구,살인,6,6
2020,강동구,살인,3,3
2020,종로구,강도,7,9
2020,중구,강도,5,6
2020,용산구,강도,6,6
2020,성동구,강도,3,3
2020,광진구,강도,4,4
2020,동대문구,강도,6,5
2020,중랑구,강도,5,6
2020,성북구,강도,3,2
2020,강북구,강도,5,4
2020,도봉구,강도,2,2
2020,노원구,강도,3,3
2020,은평구,강도,4,3
2020,서대문구,강도,2,1
2020,마포구,강도,4,3
2020,양천구,강도,3,3
2020,강서구,강도,6,5
2020,구로구,강도,5,5
2020,금천구,강도,7,6
2020,영등포구,강도,6,5
2020,동작구,강도,1,2
2020,관악구,강도,3,3
2020,서초구,강도,6,4
2020,강남구,강도,14,11
2020,송파구,강도,13,17
2020,강동구,강도,15,14
2020,종로구,강간·강제추행,192,855
2020,중구,강간·강제추행,186,128
2020,용산구,강간·강제추행,230,186
2020,성동구,강간·강제추행,115,98
2020,광진구,강간·강제추행,255,224
2020,동대문구,강간·강제추행,161,142
2020,중랑구,강간·강제추행,183,153
2020,성북구,강간·강제추행,142,121
2020,강북구,강간·강제추행,159,132
2020,도봉구,강간·강제추행,82,87
2020,노원구,강간·강제추행,169,148
2020,은평구,강간·강제추행,171,145
2020,서대문구,강간·강제추행,159,149
2020,마포구,강간·강제추행,348,287
2020,양천구,강간·강제추행,109,90
2020,강서구,강간·강제추행,265,222
2020,구로구,강간·강제추행,197,142
2020,금천구,강간·강제추행,117,93
2020,영등포구,강간·강제추행,315,252
2020,동작구,강간·강제추행,226,121
2020,관악구,강간·강제추행,403,351
2020,서초구,강간·강제추행,396,303
2020,강남구,강간·강제추행,708,627
2020,송파구,강간·강제추행,287,235
2020,강동구,강간·강제추행,188,167
2020,종로구,절도,1183,944
2020,중구,절도,1642,863
2020,용산구,절도,1111,534
2020,성동구,절도,1016,565
2020,광진구,절도,1664,874
2020,동대문구,절도,1440,713
2020,중랑구,절도,1506,889
2020,성북구,절도,988,580
2020,강북구,절도,780,490
2020,도봉구,절도,861,379
2020,노원구,절도,1404,646
2020,은평구,절도,1371,756
2020,서대문구,절도,1077,524
2020,마포구,절도,1483,679
2020,양천구,절도,1517,718
2020,강서구,절도,1689,1070
2020,구로구,절도,1763,1008
2020,금천구,절도,999,553
2020,영등포구,절도,2188,953
2020,동작구,절도,1341,592
2020,관악구,절도,2229,1137
2020,서초구,절도,2021,960
2020,강남구,절도,2951,1491
2020,송파구,절도,2429,1006
2020,강동구,절도,1640,781
2020,종로구,폭력,1711,1528
2020,중구,폭력,1576,1324
2020,용산구,폭력,1617,1327
2020,성동구,폭력,1223,1103
2020,광진구,폭력,1676,1407
2020,동대문구,폭력,1784,1597
2020,중랑구,폭력,2022,1724
2020,성북구,폭력,1430,1240
2020,강북구,폭력,1817,1625
2020,도봉구,폭력,1234,1022
2020,노원구,폭력,2163,1781
2020,은평구,폭력,1840,1623
2020,서대문구,폭력,1292,1029
2020,마포구,폭력,1844,1557
2020,양천구,폭력,1582,1270
2020,강서구,폭력,2445,2087
2020,구로구,폭력,2204,1823
2020,금천구,폭력,1471,1310
2020,영등포구,폭력,2701,2157
2020,동작구,폭력,1631,1370
2020,관악구,폭력,2614,2355
2020,서초구,폭력,2173,1780
2020,강남구,폭력,3677,3111
2020,송파구,폭력,2675,2280
2020,강동구,폭력,1942,1697
2021,종로구,소계,2712,2755
2021,중구,소계,2861,2072
2021,용산구,소계,2381,1659
2021,성동구,소계,2112,1510
2021,광진구,소계,3087,2202
2021,동대문구,소계,2959,2113
2021,중랑구,소계,3210,2405
2021,성북구,소계,2411,1787
2021,강북구,소계,2301,1912
2021,도봉구,소계,1860,1294
2021,노원구,소계,3425,2302
2021,은평구,소계,3244,2423
2021,서대문구,소계,2278,1594
2021,마포구,소계,3540,2379
2021,양천구,소계,3015,2085
2021,강서구,소계,3896,3044
2021,구로구,소계,3486,2431
2021,금천구,소계,2439,1741
2021,영등포구,소계,4179,2777
2021,동작구,소계,2631,1829
2021,관악구,소계,4444,3134
2021,서초구,소계,3656,2439
2021,강남구,소계,6146,4397
2021,송파구,소계,4714,3266
2021,강동구,소계,3458,2462
2021,종로구,살인,6,3
2021,중구,살인,6,6
2021,용산구,살인,3,2
2021,성동구,살인,3,4
2021,광진구,살인,5,3
2021,동대문구,살인,3,4
2021,중랑구,살인,4,4
2021,성북구,살인,4,3
2021,강북구,살인,4,4
2021,도봉구,살인,2,2
2021,노원구,살인,6,6
2021,은평구,살인,4,5
2021,서대문구,살인,3,3
2021,마포구,살인,4,3
2021,양천구,살인,1,1
2021,강서구,살인,9,7
2021,구로구,살인,5,5
2021,금천구,살인,7,6
2021,영등포구,살인,8,8
2021,동작구,살인,2,3
2021,관악구,살인,8,4
2021,서초구,살인,9,9
2021,강남구,살인,12,11
2021,송파구,살인,3,3
2021,강동구,살인,3,3
2021,종로구,강도,4,4
2021,중구,강도,6,6
2021,용산구,강도,1,1
2021,성동구,강도,4,1
2021,광진구,강도,4,4
2021,동대문구,강도,7,8
2021,중랑구,강도,6,7
2021,성북구,강도,2,2
2021,강북구,강도,1,1
2021,도봉구,강도,2,1
2021,노원구,강도,3,3
2021,은평구,강도,3,3
2021,서대문구,강도,2,2
2021,마포구,강도,4,4
2021,양천구,강도,3,3
2021,강서구,강도,3,3
2021,구로구,강도,2,1
2021,금천구,강도,3,4
2021,영등포구,강도,11,11
2021,동작구,강도,1,1
2021,관악구,강도,7,6
2021,서초구,강도,5,5
2021,강남구,강도,25,23
2021,송파구,강도,7,6
2021,강동구,강도,6,6
2021,종로구,강간·강제추행,156,757
2021,중구,강간·강제추행,161,97
2021,용산구,강간·강제추행,141,103
2021,성동구,강간·강제추행,110,82
2021,광진구,강간·강제추행,208,161
2021,동대문구,강간·강제추행,169,147
2021,중랑구,강간·강제추행,141,117
2021,성북구,강간·강제추행,118,88
2021,강북구,강간·강제추행,136,115
2021,도봉구,강간·강제추행,72,64
2021,노원구,강간·강제추행,156,126
2021,은평구,강간·강제추행,166,133
2021,서대문구,강간·강제추행,137,120
2021,마포구,강간·강제추행,321,275
2021,양천구,강간·강제추행,116,92
2021,강서구,강간·강제추행,246,188
2021,구로구,강간·강제추행,182,118
2021,금천구,강간·강제추행,134,103
2021,영등포구,강간·강제추행,279,196
2021,동작구,강간·강제추행,180,94
2021,관악구,강간·강제추행,321,269
2021,서초구,강간·강제추행,312,228
2021,강남구,강간·강제추행,578,454
2021,송파구,강간·강제추행,247,216
2021,강동구,강간·강제추행,124,103
2021,종로구,절도,1079,743
2021,중구,절도,1279,739
2021,용산구,절도,945,484
2021,성동구,절도,905,497
2021,광진구,절도,1414,754
2021,동대문구,절도,1240,659
2021,중랑구,절도,1399,835
2021,성북구,절도,895,474
2021,강북구,절도,777,537
2021,도봉구,절도,772,376
2021,노원구,절도,1361,654
2021,은평구,절도,1424,825
2021,서대문구,절도,1027,562
2021,마포구,절도,1510,730
2021,양천구,절도,1349,700
2021,강서구,절도,1540,921
2021,구로구,절도,1390,770
2021,금천구,절도,1013,520
2021,영등포구,절도,1712,831
2021,동작구,절도,1129,675
2021,관악구,절도,1860,929
2021,서초구,절도,1503,691
2021,강남구,절도,2372,1160
2021,송파구,절도,2024,995
2021,강동구,절도,1612,889
2021,종로구,폭력,1467,1248
2021,중구,폭력,1409,1224
2021,용산구,폭력,1291,1069
2021,성동구,폭력,1090,926
2021,광진구,폭력,1456,1280
2021,동대문구,폭력,1540,1295
2021,중랑구,폭력,1660,1442
2021,성북구,폭력,1392,1220
2021,강북구,폭력,1383,1255
2021,도봉구,폭력,1012,851
2021,노원구,폭력,1899,1513
2021,은평구,폭력,1647,1457
2021,서대문구,폭력,1109,907
2021,마포구,폭력,1701,1367
2021,양천구,폭력,1546,1289
2021,강서구,폭력,2098,1925
2021,구로구,폭력,1907,1537
2021,금천구,폭력,1282,1108
2021,영등포구,폭력,2169,1731
2021,동작구,폭력,1319,1056
2021,관악구,폭력,2248,1926
2021,서초구,폭력,1827,1506
2021,강남구,폭력,3159,2749
2021,송파구,폭력,2433,2046
2021,강동구,폭력,1713,1461
2022,종로구,소계,3138,3284
2022,중구,소계,3071,2119
2022,용산구,소계,2967,2093
2022,성동구,소계,2194,1597
2022,광진구,소계,3619,2498
2022,동대문구,소계,3253,2231
2022,중랑구,소계,3599,2671
2022,성북구,소계,2749,2125
2022,강북구,소계,2832,2343
2022,도봉구,소계,2141,1569
2022,노원구,소계,3896,2641
2022,은평구,소계,3487,2658
2022,서대문구,소계,2374,1605
2022,마포구,소계,4096,2814
2022,양천구,소계,3169,2130
2022,강서구,소계,4663,3591
2022,구로구,소계,3857,2732
2022,금천구,소계,2577,1887
2022,영등포구,소계,4819,3186
2022,동작구,소계,2735,1741
2022,관악구,소계,4879,3411
2022,서초구,소계,4459,3098
2022,강남구,소계,6947,5020
2022,송파구,소계,5167,3409
2022,강동구,소계,3711,2644
2022,종로구,살인,2,3
2022,중구,살인,1,2
2022,용산구,살인,5,3
2022,성동구,살인,2,2
2022,광진구,살인,6,5
2022,동대문구,살인,4,4
2022,중랑구,살인,2,2
2022,성북구,살인,3,3
2022,강북구,살인,5,4
2022,도봉구,살인,3,3
2022,노원구,살인,3,3
2022,은평구,살인,4,4
2022,서대문구,살인,5,4
2022,마포구,살인,2,2
2022,양천구,살인,2,2
2022,강서구,살인,3,3
2022,구로구,살인,11,11
2022,금천구,살인,2,1
2022,영등포구,살인,5,6
2022,동작구,살인,2,3
2022,관악구,살인,10,8
2022,서초구,살인,3,2
2022,강남구,살인,12,10
2022,송파구,살인,2,2
2022,강동구,살인,5,6
2022,종로구,강도,8,8
2022,중구,강도,5,4
2022,용산구,강도,7,7
2022,성동구,강도,2,2
2022,광진구,강도,-,-
2022,동대문구,강도,2,2
2022,중랑구,강도,2,2
2022,성북구,강도,1,1
2022,강북구,강도,5,6
2022,도봉구,강도,-,-
2022,노원구,강도,3,1
2022,은평구,강도,5,4
2022,서대문구,강도,6,6
2022,마포구,강도,2,1
2022,양천구,강도,3,3
2022,강서구,강도,7,7
2022,구로구,강도,8,9
2022,금천구,강도,3,3
2022,영등포구,강도,10,9
2022,동작구,강도,5,5
2022,관악구,강도,9,8
2022,서초구,강도,3,3
2022,강남구,강도,11,10
2022,송파구,강도,5,6
2022,강동구,강도,5,5
2022,종로구,강간·강제추행,228,988
2022,중구,강간·강제추행,194,123
2022,용산구,강간·강제추행,280,238
2022,성동구,강간·강제추행,125,97
2022,광진구,강간·강제추행,230,174
2022,동대문구,강간·강제추행,125,106
2022,중랑구,강간·강제추행,150,121
2022,성북구,강간·강제추행,158,129
2022,강북구,강간·강제추행,177,147
2022,도봉구,강간·강제추행,70,54
2022,노원구,강간·강제추행,180,151
2022,은평구,강간·강제추행,176,146
2022,서대문구,강간·강제추행,157,144
2022,마포구,강간·강제추행,436,368
2022,양천구,강간·강제추행,114,92
2022,강서구,강간·강제추행,261,195
2022,구로구,강간·강제추행,217,145
2022,금천구,강간·강제추행,127,87
2022,영등포구,강간·강제추행,327,237
2022,동작구,강간·강제추행,212,107
2022,관악구,강간·강제추행,327,279
2022,서초구,강간·강제추행,431,328
2022,강남구,강간·강제추행,667,534
2022,송파구,강간·강제추행,290,220
2022,강동구,강간·강제추행,157,134
2022,종로구,절도,1313,932
2022,중구,절도,1365,724
2022,용산구,절도,978,508
2022,성동구,절도,979,538
2022,광진구,절도,1670,831
2022,동대문구,절도,1556,823
2022,중랑구,절도,1508,882
2022,성북구,절도,1143,715
2022,강북구,절도,872,589
2022,도봉구,절도,969,546
2022,노원구,절도,1504,729
2022,은평구,절도,1497,946
2022,서대문구,절도,1114,565
2022,마포구,절도,1451,653
2022,양천구,절도,1474,781
2022,강서구,절도,1991,1185
2022,구로구,절도,1565,841
2022,금천구,절도,1118,662
2022,영등포구,절도,2062,953
2022,동작구,절도,1195,588
2022,관악구,절도,1966,1050
2022,서초구,절도,1921,1024
2022,강남구,절도,2495,1207
2022,송파구,절도,2201,1033
2022,강동구,절도,1672,900
2022,종로구,폭력,1587,1353
2022,중구,폭력,1506,1266
2022,용산구,폭력,1697,1337
2022,성동구,폭력,1086,958
2022,광진구,폭력,1713,1488
2022,동대문구,폭력,1566,1296
2022,중랑구,폭력,1937,1664
2022,성북구,폭력,1444,1277
2022,강북구,폭력,1773,1597
2022,도봉구,폭력,1099,966
2022,노원구,폭력,2206,1757
2022,은평구,폭력,1805,1558
2022,서대문구,폭력,1092,886
2022,마포구,폭력,2205,1790
2022,양천구,폭력,1576,1252
2022,강서구,폭력,2401,2201
2022,구로구,폭력,2056,1726
2022,금천구,폭력,1327,1134
2022,영등포구,폭력,2415,1981
2022,동작구,폭력,1321,1038
2022,관악구,폭력,2567,2066
2022,서초구,폭력,2101,1741
2022,강남구,폭력,3762,3259
2022,송파구,폭력,2669,2148
2022,강동구,폭력,1872,1599
